<?xml version="1.0" encoding="UTF-8"?>
<Tokens version="1.0">
	<File path="Protocols/M13InfiniteTabBarDelegate.html">
		
		<Token>
			<TokenIdentifier>//apple_ref/occ/intf/M13InfiniteTabBarDelegate</TokenIdentifier>
			<Abstract type="html">The delegate protocol for M13InfiniteTabBar.</Abstract>
			<DeclaredIn>M13InfiniteTabBar.h</DeclaredIn>
			
			<NodeRef refid="9"/>
		</Token>
		
		
		<Token>
			<TokenIdentifier>//apple_ref/occ/intfm/M13InfiniteTabBarDelegate/infiniteTabBar:didSelectItem:</TokenIdentifier>
			<Abstract type="html">Lets the delegate know that an tab bar item has been selected</Abstract>
			<DeclaredIn>M13InfiniteTabBar.h</DeclaredIn>			
			
			<Declaration>- (void)infiniteTabBar:(M13InfiniteTabBar *)tabBar didSelectItem:(M13InfiniteTabBarItem *)item</Declaration>
			<Parameters>
				<Parameter>
					<Name>tabBar</Name>
					<Abstract type="html">The instance of M13InfiniteTabBar that has been changed.</Abstract>
				</Parameter><Parameter>
					<Name>item</Name>
					<Abstract type="html">The M13InfiniteTabBarItem that has been selected.</Abstract>
				</Parameter>
			</Parameters>
			
			<Anchor>//api/name/infiniteTabBar:didSelectItem:</Anchor>
		</Token>
		
		<Token>
			<TokenIdentifier>//apple_ref/occ/intfm/M13InfiniteTabBarDelegate/infiniteTabBar:shouldSelectItem:</TokenIdentifier>
			<Abstract type="html">Asks the delegate if the tab that the user selected should be selected.</Abstract>
			<DeclaredIn>M13InfiniteTabBar.h</DeclaredIn>			
			
			<Declaration>- (BOOL)infiniteTabBar:(M13InfiniteTabBar *)tabBar shouldSelectItem:(M13InfiniteTabBarItem *)item</Declaration>
			<Parameters>
				<Parameter>
					<Name>tabBar</Name>
					<Abstract type="html">The instance of `M13InfiniteTabBar that is requesting a change.</Abstract>
				</Parameter><Parameter>
					<Name>item</Name>
					<Abstract type="html">The M13InfiniteTabBarItem that will be selected.</Abstract>
				</Parameter>
			</Parameters>
			<ReturnValue><Abstract type="html">Wether or not the tab bar can select that tab.</Abstract></ReturnValue>
			<Anchor>//api/name/infiniteTabBar:shouldSelectItem:</Anchor>
		</Token>
		
		<Token>
			<TokenIdentifier>//apple_ref/occ/intfm/M13InfiniteTabBarDelegate/infiniteTabBar:animateInViewControllerForItem:</TokenIdentifier>
			<Abstract type="html">Preform animations to change the front most view controller here.</Abstract>
			<DeclaredIn>M13InfiniteTabBar.h</DeclaredIn>			
			
			<Declaration>- (void)infiniteTabBar:(M13InfiniteTabBar *)tabBar animateInViewControllerForItem:(M13InfiniteTabBarItem *)item</Declaration>
			<Parameters>
				<Parameter>
					<Name>tabBar</Name>
					<Abstract type="html">The instance of M13InfiniteTabBar that has been changed.</Abstract>
				</Parameter><Parameter>
					<Name>item</Name>
					<Abstract type="html">The `M13InfiniteTabBarItem that has been selected.</Abstract>
				</Parameter>
			</Parameters>
			
			<Anchor>//api/name/infiniteTabBar:animateInViewControllerForItem:</Anchor>
		</Token>
		
		<Token>
			<TokenIdentifier>//apple_ref/occ/intfm/M13InfiniteTabBarDelegate/infiniteTabBar:willAnimateInViewControllerForItem:</TokenIdentifier>
			<Abstract type="html">Prepare to animate in a new UIViewController. Anything in this method will not be animated on screen.</Abstract>
			<DeclaredIn>M13InfiniteTabBar.h</DeclaredIn>			
			
			<Declaration>- (void)infiniteTabBar:(M13InfiniteTabBar *)tabBar willAnimateInViewControllerForItem:(M13InfiniteTabBarItem *)item</Declaration>
			<Parameters>
				<Parameter>
					<Name>tabBar</Name>
					<Abstract type="html">The instance of M13InfiniteTabBar that has been changed.</Abstract>
				</Parameter><Parameter>
					<Name>item</Name>
					<Abstract type="html">The M13InfiniteTabBarItem that has been selected.</Abstract>
				</Parameter>
			</Parameters>
			
			<Anchor>//api/name/infiniteTabBar:willAnimateInViewControllerForItem:</Anchor>
		</Token>
		
	</File>
</Tokens>