<?xml version="1.0" encoding="UTF-8"?>
<Tokens version="1.0">
	<File path="Protocols/M13InfiniteTabBarControllerDelegate.html">
		
		<Token>
			<TokenIdentifier>//apple_ref/occ/intf/M13InfiniteTabBarControllerDelegate</TokenIdentifier>
			<Abstract type="html">Delegate to respond to changes occuring in M13InfiniteTabBarController</Abstract>
			<DeclaredIn>M13InfiniteTabBarController.h</DeclaredIn>
			
			<NodeRef refid="8"/>
		</Token>
		
		
		<Token>
			<TokenIdentifier>//apple_ref/occ/intfm/M13InfiniteTabBarControllerDelegate/infiniteTabBarController:shouldSelectViewContoller:</TokenIdentifier>
			<Abstract type="html">Asks the delegate if the tab specified by the user should be selected</Abstract>
			<DeclaredIn>M13InfiniteTabBarController.h</DeclaredIn>			
			
			<Declaration>- (BOOL)infiniteTabBarController:(M13InfiniteTabBarController *)tabBarController shouldSelectViewContoller:(UIViewController *)viewController</Declaration>
			<Parameters>
				<Parameter>
					<Name>tabBarController</Name>
					<Abstract type="html">The instance of `M13TabBarController.</Abstract>
				</Parameter><Parameter>
					<Name>viewController</Name>
					<Abstract type="html">The UIViewController requesting to become the main view.</Abstract>
				</Parameter>
			</Parameters>
			<ReturnValue><Abstract type="html">Wether or not the UIViewController should be come the main window.</Abstract></ReturnValue>
			<Anchor>//api/name/infiniteTabBarController:shouldSelectViewContoller:</Anchor>
		</Token>
		
		<Token>
			<TokenIdentifier>//apple_ref/occ/intfm/M13InfiniteTabBarControllerDelegate/infiniteTabBarController:didSelectViewController:</TokenIdentifier>
			<Abstract type="html">Lets the delegate know that a tab change occurred.</Abstract>
			<DeclaredIn>M13InfiniteTabBarController.h</DeclaredIn>			
			
			<Declaration>- (void)infiniteTabBarController:(M13InfiniteTabBarController *)tabBarController didSelectViewController:(UIViewController *)viewController</Declaration>
			<Parameters>
				<Parameter>
					<Name>tabBarController</Name>
					<Abstract type="html">The instance of M13TabBarController.</Abstract>
				</Parameter><Parameter>
					<Name>viewController</Name>
					<Abstract type="html">The new main UIViewController.</Abstract>
				</Parameter>
			</Parameters>
			
			<Anchor>//api/name/infiniteTabBarController:didSelectViewController:</Anchor>
		</Token>
		
	</File>
</Tokens>